Time_ps,Signal
50.0244140625,
50.0732421875,
50.1220703125,
50.1708984375,
50.2197265625,
50.2685546875,
50.3173828125,
50.3662109375,
50.4150390625,
50.4638671875,
50.5126953125,
50.5615234375,
50.6103515625,
50.6591796875,
50.7080078125,
50.7568359375,
50.8056640625,
50.8544921875,
50.9033203125,
50.9521484375,
51.0009765625,
51.0498046875,
51.0986328125,
51.1474609375,-103.64837071719604
51.1962890625,-116.28284753067246
51.2451171875,-117.09056443503819
51.2939453125,-117.33855511916333
51.3427734375,-117.58022236188422
51.3916015625,-117.97300496067366
51.4404296875,-118.453949551576
51.4892578125,-117.17229052815384
51.5380859375,-117.03362938566958
51.5869140625,-117.86136066578396
51.6357421875,-117.71618088747533
51.6845703125,-116.99503567191431
51.7333984375,-116.14108146030354
51.7822265625,-116.00739741267229
51.8310546875,-117.21761133847687
51.8798828125,-118.17595720741468
51.9287109375,-117.75356676579159
51.9775390625,-116.39771496787236
52.0263671875,-117.57619119981781
52.0751953125,-117.14318431427037
52.1240234375,-115.70514640454816
52.1728515625,-118.18633851946755
52.2216796875,-115.91261880248837
52.2705078125,-116.06170860132536
52.3193359375,-117.25585106043411
52.3681640625,-114.97861425684525
52.4169921875,-116.08686129557675
52.4658203125,-115.69537159871398
52.5146484375,-115.36716872485778
52.5634765625,-116.51803678456848
52.6123046875,-113.59441857192697
52.6611328125,-117.42773421518784
52.7099609375,-114.01340614765644
52.7587890625,-116.27301382628207
52.8076171875,-115.56845273203413
52.8564453125,-117.83293065835556
52.9052734375,-116.27925527740484
52.9541015625,-116.03700265570193
53.0029296875,-116.86728991164911
53.0517578125,-113.90036237917487
53.1005859375,-116.03013095034953
53.1494140625,-112.83017094027775
53.1982421875,-118.82751430703722
53.2470703125,-115.09749136244118
53.2958984375,-117.33101985630147
53.3447265625,-118.50520951267195
53.3935546875,-115.69414256448917
53.4423828125,-117.15813818968957
53.4912109375,-117.15297774016918
53.5400390625,-118.48394423037921
53.5888671875,-120.50223293031732
53.6376953125,-118.13851454882646
53.6865234375,-119.55285966243855
53.7353515625,-118.42716567910131
53.7841796875,-120.23778299828845
53.8330078125,-121.25448182443311
53.8818359375,-122.3436965023744
53.9306640625,-121.11077372559397
53.9794921875,-122.46614625341634
54.0283203125,-125.39907497669975
54.0771484375,-122.71894431471512
54.1259765625,-122.19737897781438
54.1748046875,-120.74019354936635
54.2236328125,-121.97670553884497
54.2724609375,-118.88158573275032
54.3212890625,-118.3420771797244
54.3701171875,-117.77609983931558
54.4189453125,-117.53648621572877
54.4677734375,-114.14629312845219
54.5166015625,-111.65932382670852
54.5654296875,-111.8057253248306
54.6142578125,-112.66436993494169
54.6630859375,-112.86589700244227
54.7119140625,-111.56456430457332
54.7607421875,-113.62972647887709
54.8095703125,-112.1424689027613
54.8583984375,-112.93784089603592
54.9072265625,-114.4451063294488
54.9560546875,-116.10604884959965
55.0048828125,-118.24970018205318
55.0537109375,-119.24047839650737
55.1025390625,-120.9204385256659
55.1513671875,-123.82873976076512
55.2001953125,-125.31175839638738
55.2490234375,-128.300836956202
55.2978515625,-128.36825601973263
55.3466796875,-127.58868583595657
55.3955078125,-133.84352636535485
55.4443359375,-134.196942030176
55.4931640625,-134.57464304276962
55.5419921875,-135.58812095057675
55.5908203125,-140.03092363822697
55.6396484375,-137.4579731899733
55.6884765625,-143.31194820962466
55.7373046875,-142.31794232614237
55.7861328125,-140.2944408222189
55.8349609375,-142.2378228540729
55.8837890625,-141.39300235227773
55.9326171875,-138.9696891260217
55.9814453125,-133.74275329602463
56.0302734375,-127.53946064707323
56.0791015625,-127.94381838716804
56.1279296875,-114.71698583106243
56.1767578125,-104.29921249965268
56.2255859375,-91.38118272933087
56.2744140625,-81.05038319968874
56.3232421875,-67.12043137772658
56.3720703125,-52.58833915095558
56.4208984375,-42.40827413059104
56.4697265625,-29.70639539413982
56.5185546875,-21.576022705509807
56.5673828125,-15.653020436583924
56.6162109375,-10.253898688106943
56.6650390625,-13.290541821927441
56.7138671875,-10.098312673682537
56.7626953125,-17.877079390590147
56.8115234375,-21.582931447712248
56.8603515625,-27.19733974556676
56.9091796875,-34.33682081406943
56.9580078125,-37.61888694378555
57.0068359375,-45.55923778359636
57.0556640625,-50.332810775879665
57.1044921875,-56.51693425469897
57.1533203125,-64.70065161156428
57.2021484375,-70.11611094013156
57.2509765625,-77.81511162767605
57.2998046875,-80.18983431564328
57.3486328125,-87.09709204710101
57.3974609375,-94.00447237459765
57.4462890625,-95.8708815992312
57.4951171875,-99.96929191798064
57.5439453125,-104.10672635376753
57.5927734375,-107.78306813339744
57.6416015625,-113.76753050660083
57.6904296875,-114.51179985558299
57.7392578125,-117.67978678511369
57.7880859375,-118.80791349346654
57.8369140625,-121.0479305041406
57.8857421875,-121.66340312087497
57.9345703125,-122.62383268972278
57.9833984375,-123.76876585823437
58.0322265625,-124.78368294544282
58.0810546875,-126.41276939335236
58.1298828125,-127.11288586890586
58.1787109375,-128.37648078847957
58.2275390625,-131.12625317276482
58.2763671875,-129.8100955278474
58.3251953125,-126.68140854286449
58.3740234375,-125.0154006321373
58.4228515625,-124.1431814341166
58.4716796875,-122.088040289326
58.5205078125,-122.60337354574149
58.5693359375,-121.63285640121116
58.6181640625,-120.64709059558857
58.6669921875,-119.0765973509289
58.7158203125,-119.10367500268934
58.7646484375,-117.74313893434706
58.8134765625,-117.78603970601367
58.8623046875,-117.25087367139864
58.9111328125,-116.50905540488554
58.9599609375,-117.86802513568766
59.0087890625,-118.94384967356761
59.0576171875,-116.7329935015141
59.1064453125,-116.56599110572049
59.1552734375,-120.56279514882783
59.2041015625,-115.60326709518468
59.2529296875,-117.26475317619415
59.3017578125,-114.84524100083803
59.3505859375,-115.68660187976468
59.3994140625,-113.71533492070373
59.4482421875,-112.47593639748814
59.4970703125,-112.40717306853232
59.5458984375,-110.26578639184434
59.5947265625,-110.22756792404815
59.6435546875,-110.25410595736815
59.6923828125,-109.8611050271254
59.7412109375,-110.14588334397502
59.7900390625,-108.981410229499
59.8388671875,-111.08033843570249
59.8876953125,-107.4952768249007
59.9365234375,-109.8373543245823
59.9853515625,-109.01325535484966
60.0341796875,-108.6424882088207
60.0830078125,-107.50767366240395
60.1318359375,-106.61080335735011
60.1806640625,-105.98057599568415
60.2294921875,-107.80025266573743
60.2783203125,-105.97700527822562
60.3271484375,-104.4119927118912
60.3759765625,-105.52576738999618
60.4248046875,-104.76923707337235
60.4736328125,-106.3634587583139
60.5224609375,-108.90409462794669
60.5712890625,-106.49819356193206
60.6201171875,-110.60988362993255
60.6689453125,-111.7581159896604
60.7177734375,-109.39812823176753
60.7666015625,-112.15837200893138
60.8154296875,-112.78397668092697
60.8642578125,-109.63935113146026
60.9130859375,-113.90439861883924
60.9619140625,-115.12393586129814
61.0107421875,-113.32290178773141
61.0595703125,-118.48704428200847
61.1083984375,-122.2793626402441
61.1572265625,-117.0671540086838
61.2060546875,-120.2175025250724
61.2548828125,-122.09141683682043
61.3037109375,-126.46840950747914
61.3525390625,-130.46587539559724
61.4013671875,-133.40985618483805
61.4501953125,-137.32341628026393
61.4990234375,-140.09763676487916
61.5478515625,-147.73384371530403
61.5966796875,-152.0878010291671
61.6455078125,-152.96874849821975
61.6943359375,-159.56377214433317
61.7431640625,-163.02558034536165
61.7919921875,-166.1214304253293
61.8408203125,-172.45537074103186
61.8896484375,-181.22457680032846
61.9384765625,-184.30188530741796
61.9873046875,-191.4535227723291
62.0361328125,-202.71661278317683
62.0849609375,-207.04525807688816
62.1337890625,-215.3473075248661
62.1826171875,-225.67607275433335
62.2314453125,-230.0770625748857
62.2802734375,-238.72559717660542
62.3291015625,-248.49507082291672
62.3779296875,-257.2077687015085
62.4267578125,-269.05881772562986
62.4755859375,-277.17087142323646
62.5244140625,-285.89093982549895
62.5732421875,-299.83202419490834
62.6220703125,-307.8645048933416
62.6708984375,-318.9083280217888
62.7197265625,-333.3024190842225
62.7685546875,-346.7613237764942
62.8173828125,-359.7991108419895
62.8662109375,-371.84005763780516
62.9150390625,-382.7083197360499
62.9638671875,-393.9902044843951
63.0126953125,-409.18480449338045
63.0615234375,-420.676004805757
63.1103515625,-434.6743356528997
63.1591796875,-443.7210404792811
63.2080078125,-454.65191032244667
63.2568359375,-467.7535534057387
63.3056640625,-480.13364913055165
63.3544921875,-491.93083504467165
63.4033203125,-500.56711284759075
63.4521484375,-507.80821364450827
63.5009765625,-521.1052314811877
63.5498046875,-533.2426580156365
63.5986328125,-536.8164851615546
63.6474609375,-546.0698531569636
63.6962890625,-548.0965102881008
63.7451171875,-552.0001224666843
63.7939453125,-556.3386931089673
63.8427734375,-557.2946722683204
63.8916015625,-555.2149848347467
63.9404296875,-551.6107985843354
63.9892578125,-548.4851049108955
64.0380859375,-536.4969052549283
64.0869140625,-528.7811370872347
64.1357421875,-511.72328718557924
64.1845703125,-491.3297728018268
64.2333984375,-463.70199297883477
64.2822265625,-433.2109570431757
64.3310546875,-397.00776336382216
64.3798828125,-342.02372426486215
64.4287109375,-288.112313788653
64.4775390625,-218.90275512173199
64.5263671875,-135.61947654452513
64.5751953125,-39.458470272929965
64.6240234375,70.97667099139132
64.6728515625,203.75199141244275
64.7216796875,346.4954920343307
64.7705078125,514.8001263728609
64.8193359375,696.7718310793131
64.8681640625,886.2248846317507
64.9169921875,1084.6388989736781
64.9658203125,1276.049442858846
65.0146484375,1449.7083958876763
65.0634765625,1597.7825710081322
65.1123046875,1712.5568672788374
65.1611328125,1779.5504049000288
65.2099609375,1804.7088568811178
65.2587890625,1782.0082155012224
65.3076171875,1723.680543775162
65.3564453125,1634.1385755136487
65.4052734375,1524.2182942483912
65.4541015625,1398.9733733970374
65.5029296875,1265.4310227701137
65.5517578125,1129.7061394754558
65.6005859375,993.8214245174041
65.6494140625,859.8697287615322
65.6982421875,727.5425472177074
65.7470703125,605.6112769756958
65.7958984375,487.58401127365767
65.8447265625,382.1294918026606
65.8935546875,282.9788285414973
65.9423828125,188.9492701718079
65.9912109375,101.77852007634301
66.0400390625,19.574011433853155
66.0888671875,-58.08033338567208
66.1376953125,-126.33719651266824
66.1865234375,-186.22818837767176
66.2353515625,-247.02404750095005
66.2841796875,-290.7819392010787
66.3330078125,-334.75878810096197
66.3818359375,-370.4501967503865
66.4306640625,-399.871727237349
66.4794921875,-419.230203785207
66.5283203125,-437.0489118582258
66.5771484375,-449.8066380987883
66.6259765625,-460.06169512414533
66.6748046875,-462.6084096633413
66.7236328125,-463.20698631925274
66.7724609375,-458.6103226707335
66.8212890625,-451.5850469258793
66.8701171875,-438.0295344961792
66.9189453125,-415.74319183344016
66.9677734375,-392.72176282092795
67.0166015625,-364.0372423226119
67.0654296875,-336.89044658216716
67.1142578125,-304.3645664749005
67.1630859375,-278.6586872274376
67.2119140625,-261.2605202983501
67.2607421875,-245.4107177645914
67.3095703125,-232.8389060555931
67.3583984375,-224.46353326778083
67.4072265625,-213.93411080936104
67.4560546875,-206.16324677205228
67.5048828125,-206.3993965765356
67.5537109375,-201.2122763504754
67.6025390625,-200.73161857843715
67.6513671875,-196.5302549107726
67.7001953125,-191.81502052495267
67.7490234375,-188.50430097682124
67.7978515625,-186.0378180821172
67.8466796875,-183.78240616455702
67.8955078125,-180.39858359065343
67.9443359375,-174.78523659987044
67.9931640625,-166.59207910137854
68.0419921875,-163.3240284379251
68.0908203125,-156.5446311718069
68.1396484375,-154.60555023999456
68.1884765625,-148.25059102642714
68.2373046875,-147.83038446208383
68.2861328125,-147.59427474863364
68.3349609375,-147.49206227556485
68.3837890625,-152.69012142036232
68.4326171875,-157.3034538905952
68.4814453125,-164.7560487350195
68.5302734375,-171.83372533349274
68.5791015625,-177.84121240733
68.6279296875,-180.94351812971698
68.6767578125,-183.94268952358865
68.7255859375,-184.45013296084446
68.7744140625,-180.58313746118276
68.8232421875,-175.0873118555856
68.8720703125,-169.50452403475865
68.9208984375,-165.04718972816514
68.9697265625,-157.9466995199542
69.0185546875,-161.42493355253308
69.0673828125,-156.82692732795095
69.1162109375,-162.73918325281554
69.1650390625,-167.22450529375018
69.2138671875,-165.11907147457612
69.2626953125,-165.60254816285112
69.3115234375,-167.66631807989654
69.3603515625,-164.38909433773267
69.4091796875,-158.8070457220689
69.4580078125,-162.0429895331117
69.5068359375,-157.3712611779254
69.5556640625,-154.6061113246263
69.6044921875,-154.27839111747784
69.6533203125,-154.23923185344586
69.7021484375,-151.63509371231123
69.7509765625,-154.7537346941871
69.7998046875,-152.86173169428574
69.8486328125,-151.7981370300138
69.8974609375,-159.5789965613879
69.9462890625,-163.4677950731367
69.9951171875,-172.43676062626375
70.0439453125,-171.97478451303206
70.0927734375,-176.46310955657066
70.1416015625,-179.58901713766406
70.1904296875,-189.79102794070542
70.2392578125,-192.97813055648496
70.2880859375,-199.11602602149063
70.3369140625,-205.23439923873838
70.3857421875,-210.13148106842957
70.4345703125,-211.7429980604363
70.4833984375,-210.03314025986572
70.5322265625,-207.4847943149865
70.5810546875,-205.15087486294925
70.6298828125,-200.62930401189777
70.6787109375,-196.42802317366915
70.7275390625,-190.92286614056331
70.7763671875,-186.71347876124776
70.8251953125,-182.54864852770393
70.8740234375,-178.81000919103178
70.9228515625,-172.16387666460224
70.9716796875,-163.5211513202333
71.0205078125,-158.53041294780968
71.0693359375,-150.64937262732005
71.1181640625,-147.51057738386186
71.1669921875,-144.9794976328811
71.2158203125,-146.31107707236106
71.2646484375,-141.1061227626493
71.3134765625,-143.89291063177654
71.3623046875,-145.5339903833347
71.4111328125,-151.58414341009646
71.4599609375,-153.73864950909612
71.5087890625,-155.3235274221589
71.5576171875,-158.07072061500887
71.6064453125,-162.62001509433006
71.6552734375,-162.79598527258867
71.7041015625,-164.39494664062929
71.7529296875,-169.5772412205577
71.8017578125,-177.06168530212315
71.8505859375,-180.93305955874402
71.8994140625,-187.1892655573373
71.9482421875,-194.22337909706354
71.9970703125,-196.39050052018462
72.0458984375,-203.33060687118058
72.0947265625,-207.3847173597232
72.1435546875,-213.55654600283472
72.1923828125,-218.34472115534837
72.2412109375,-218.11071217554385
72.2900390625,-221.20499736678602
72.3388671875,-225.99312439543576
72.3876953125,-223.2782673096556
72.4365234375,-223.81498523289756
72.4853515625,-223.46950172666033
72.5341796875,-224.34864967805095
72.5830078125,-221.4172452198551
72.6318359375,-220.5442058634812
72.6806640625,-220.43790085664202
72.7294921875,-218.17802687661518
72.7783203125,-221.78450101725926
72.8271484375,-222.63200334278505
72.8759765625,-218.66240880145207
72.9248046875,-212.3462824209338
72.9736328125,-213.9709888979761
73.0224609375,-213.89749093408153
73.0712890625,-213.84209858504875
73.1201171875,-210.4639328987222
73.1689453125,-213.67879280752956
73.2177734375,-213.10202855092925
73.2666015625,-214.13576660239167
73.3154296875,-216.60745129092865
73.3642578125,-216.15059542623973
73.4130859375,-219.12865910067583
73.4619140625,-222.8468867336316
73.5107421875,-222.2166700147606
73.5595703125,-226.47554050627545
73.6083984375,-229.0538368141361
73.6572265625,-234.5781235022505
73.7060546875,-238.20950681305732
73.7548828125,-245.9000949883437
73.8037109375,-255.48500785218937
73.8525390625,-259.38297596865914
73.9013671875,-266.3383341637242
73.9501953125,-273.1244192396031
73.9990234375,-284.49425423410077
74.0478515625,-289.72866051672617
74.0966796875,-300.7202997597772
74.1455078125,-305.0596196460954
74.1943359375,-314.4806091386384
74.2431640625,-314.8133617713745
74.2919921875,-315.07681024064374
74.3408203125,-318.25898946172316
74.3896484375,-310.51796832304547
74.4384765625,-308.45397879436064
74.4873046875,-307.9607020173954
74.5361328125,-303.1876714276511
74.5849609375,-297.23385137331337
74.6337890625,-296.6022054672725
74.6826171875,-289.70490274186784
74.7314453125,-290.8950786337262
74.7802734375,-290.0498465209806
74.8291015625,-280.84722669041804
74.8779296875,-278.8856244835514
74.9267578125,-276.76400456862496
74.9755859375,-265.08768260138777
75.0244140625,-259.3928333582357
75.0732421875,-249.45823288808856
75.1220703125,-238.67073669618486
75.1708984375,-218.5094272138788
75.2197265625,-197.37420750223777
75.2685546875,-175.7947116097075
75.3173828125,-146.28878061964843
75.3662109375,-109.64931328190887
75.4150390625,-71.24096878080279
75.4638671875,-28.82604400665135
75.5126953125,17.156493367773024
75.5615234375,73.41671043857122
75.6103515625,129.06207891388877
75.6591796875,184.21404310567718
75.7080078125,239.45869608818637
75.7568359375,286.0740859210272
75.8056640625,323.35025552156856
75.8544921875,351.5403162312721
75.9033203125,367.6850771785961
75.9521484375,367.7634457598447
76.0009765625,356.85255306547333
76.0498046875,341.7673098922483
76.0986328125,312.4620306339678
76.1474609375,275.7642226633449
76.1962890625,246.05335223725336
76.2451171875,201.73800616633227
76.2939453125,167.31223762607064
76.3427734375,129.2437421441978
76.3916015625,99.31272161884044
76.4404296875,61.39875710748769
76.4892578125,28.600057669440204
76.5380859375,-4.703802874569209
76.5869140625,-34.83386220254203
76.6357421875,-64.0992116372907
76.6845703125,-92.55883683515466
76.7333984375,-121.46521112279748
76.7822265625,-151.65852785847102
76.8310546875,-177.5539932123569
76.8798828125,-202.1476578030757
76.9287109375,-226.4846743012044
76.9775390625,-247.86402961491018
77.0263671875,-266.633768906375
77.0751953125,-279.7013105656864
77.1240234375,-290.30425192099506
77.1728515625,-301.061378241333
77.2216796875,-304.8602083299207
77.2705078125,-310.8719477860589
77.3193359375,-310.1273602609978
77.3681640625,-318.8031699949023
77.4169921875,-322.90615575938705
77.4658203125,-327.3573955540863
77.5146484375,-330.62300581572356
77.5634765625,-335.3464882301686
77.6123046875,-336.9614235622456
77.6611328125,-334.40142069419926
77.7099609375,-333.52413832438447
77.7587890625,-327.9111323064301
77.8076171875,-327.0228986633631
77.8564453125,-316.16501542191986
77.9052734375,-306.57661172290494
77.9541015625,-298.2158219648503
78.0029296875,-292.9328310139455
78.0517578125,-284.3945418535658
78.1005859375,-279.18528829963094
78.1494140625,-275.27746106356017
78.1982421875,-272.37486364396483
78.2470703125,-271.71406758702386
78.2958984375,-265.5609279120063
78.3447265625,-260.8580240992652
78.3935546875,-258.12697407795713
78.4423828125,-255.82353128866652
78.4912109375,-251.4076476876828
78.5400390625,-250.4804959916741
78.5888671875,-247.28705005571138
78.6376953125,-246.2326412646927
78.6865234375,-239.91699721943843
78.7353515625,-231.38934401310306
78.7841796875,-224.0006152119626
78.8330078125,-212.22021464136293
78.8818359375,-200.4578098013131
78.9306640625,-186.24558482353385
78.9794921875,-164.8285785230095
79.0283203125,-148.30157387903031
79.0771484375,-127.56277871640884
79.1259765625,-105.92090880719451
79.1748046875,-77.85198429118464
79.2236328125,-52.950951753491076
79.2724609375,-20.313256597906776
79.3212890625,18.29472777311058
79.3701171875,58.27115496346032
79.4189453125,106.76930865464074
79.4677734375,165.41163105007473
79.5166015625,226.76901342076124
79.5654296875,290.97495459990876
79.6142578125,353.57835970796947
79.6630859375,407.0386610209159
79.7119140625,453.9458841873974
79.7607421875,483.3730220571698
79.8095703125,497.86603947946566
79.8583984375,503.57670779116637
79.9072265625,488.7658042712205
79.9560546875,458.9831651222266
80.0048828125,429.2082689792281
80.0537109375,392.54214399104706
80.1025390625,353.8455170641507
80.1513671875,311.37116903038344
80.2001953125,267.42715206661734
80.2490234375,226.5974966547217
80.2978515625,183.94728325334873
80.3466796875,142.8460892712129
80.3955078125,102.74436612709059
80.4443359375,69.71971864740112
80.4931640625,30.231984640506955
80.5419921875,3.615959743308217
80.5908203125,-27.061438456380216
80.6396484375,-52.79746443008101
80.6884765625,-75.2494648355604
80.7373046875,-96.00127298871215
80.7861328125,-112.35744176609134
80.8349609375,-130.87469084115554
80.8837890625,-146.55324405569743
80.9326171875,-168.63223164290832
80.9814453125,-184.47636282746421
81.0302734375,-201.58587660409393
81.0791015625,-213.806306566508
81.1279296875,-223.15475463124983
81.1767578125,-234.0006977936078
81.2255859375,-236.2652709954722
81.2744140625,-238.55493881910905
81.3232421875,-233.91313006129613
81.3720703125,-230.2669220972941
81.4208984375,-221.66170327774222
81.4697265625,-206.65090106072296
81.5185546875,-196.9701673667725
81.5673828125,-186.21192116893155
81.6162109375,-168.85364002963811
81.6650390625,-157.85150098815137
81.7138671875,-144.0134670601762
81.7626953125,-130.8507751277288
81.8115234375,-121.45736584043398
81.8603515625,-118.30821683364854
81.9091796875,-113.24014759766084
81.9580078125,-109.75360794704076
82.0068359375,-113.76657294314447
82.0556640625,-117.6888769968222
82.1044921875,-120.02497788245985
82.1533203125,-122.49681901312302
82.2021484375,-122.5157787497483
82.2509765625,-125.13056960457526
82.2998046875,-121.97150755681062
82.3486328125,-119.98789448278326
82.3974609375,-122.511589749164
82.4462890625,-119.34437653787063
82.4951171875,-116.25691545205686
82.5439453125,-114.52457066103516
82.5927734375,-115.75996646341825
82.6416015625,-112.05095309410174
82.6904296875,-113.83161637981827
82.7392578125,-115.85244872067558
82.7880859375,-124.46011582948104
82.8369140625,-124.73055733599018
82.8857421875,-130.01436528642083
82.9345703125,-132.99653879713097
82.9833984375,-145.95918175818716
83.0322265625,-146.79903361388645
83.0810546875,-148.54545594871254
83.1298828125,-150.7216131180079
83.1787109375,-150.8034559912109
83.2275390625,-153.02009073321852
83.2763671875,-150.12918073502857
83.3251953125,-146.46555375007708
83.3740234375,-142.43609000089293
83.4228515625,-140.27631659700478
83.4716796875,-131.95438901490547
83.5205078125,-127.95283804873719
83.5693359375,-126.76790271738861
83.6181640625,-127.56177295915172
83.6669921875,-123.75868532686096
83.7158203125,-125.51830806611522
83.7646484375,-131.1451011946583
83.8134765625,-132.1146789645064
83.8623046875,-132.179980547323
83.9111328125,-137.10725050541433
83.9599609375,-139.58417681608165
84.0087890625,-138.56528638533206
84.0576171875,-137.99038715499583
84.1064453125,-140.0635142291962
84.1552734375,-139.28308205790324
84.2041015625,-138.76344369562793
84.2529296875,-136.14807631874675
84.3017578125,-134.78756132812154
84.3505859375,-139.44493766479437
84.3994140625,-141.82999359060662
84.4482421875,-148.3245935454187
84.4970703125,-155.26483632214234
84.5458984375,-165.5951034810219
84.5947265625,-172.4725317261697
84.6435546875,-181.1677644734735
84.6923828125,-192.49326904215582
84.7412109375,-199.24988582460668
84.7900390625,-208.6866115977907
84.8388671875,-209.37771953076737
84.8876953125,-207.6008047786688
84.9365234375,-212.20601228065775
84.9853515625,-209.8283164294699
85.0341796875,-210.1594265082135
85.0830078125,-207.4467562611124
85.1318359375,-201.4481638529542
85.1806640625,-202.60206741502776
85.2294921875,-195.45260478598834
85.2783203125,-192.5060527959795
85.3271484375,-191.35687293402358
85.3759765625,-186.20468303859457
85.4248046875,-183.40973037255313
85.4736328125,-176.85054844687818
85.5224609375,-172.3958499090705
85.5712890625,-170.17044185494643
85.6201171875,-164.39570802861283
85.6689453125,-164.18314206197076
85.7177734375,-159.58584529290283
85.7666015625,-152.67930918057965
85.8154296875,-152.82304211205772
85.8642578125,-151.93751446443798
85.9130859375,-147.9381852406423
85.9619140625,-143.784716440333
86.0107421875,-136.53338282480885
86.0595703125,-131.67668838541022
86.1083984375,-124.17370405194558
86.1572265625,-114.80205620772553
86.2060546875,-109.34837518020936
86.2548828125,-98.76370391878135
86.3037109375,-84.5333241298802
86.3525390625,-71.51546501333306
86.4013671875,-56.92854960250185
86.4501953125,-41.61375045064476
86.4990234375,-30.843140742338303
86.5478515625,-20.304730684544893
86.5966796875,-19.715790920815884
86.6455078125,-17.631622728823558
86.6943359375,-14.737872577343037
86.7431640625,-20.519506177655717
86.7919921875,-27.734762148008816
86.8408203125,-30.621672318448326
86.8896484375,-41.091710973262124
86.9384765625,-48.10670721773085
86.9873046875,-59.39826566579646
87.0361328125,-67.3956204418366
87.0849609375,-72.14129407117724
87.1337890625,-84.31005004659353
87.1826171875,-90.70154808055001
87.2314453125,-96.57601965710084
87.2802734375,-107.6623121350163
87.3291015625,-112.96132075496936
87.3779296875,-122.07905483886492
87.4267578125,-124.09974887824474
87.4755859375,-133.68138355600513
87.5244140625,-142.92873647499192
87.5732421875,-144.74918251419848
87.6220703125,-152.34824717970565
87.6708984375,-156.08712799697682
87.7197265625,-161.39757568020482
87.7685546875,-162.76871713870702
87.8173828125,-165.08651606412235
87.8662109375,-167.68811911729017
87.9150390625,-171.7400983458733
87.9638671875,-171.38741470898714
88.0126953125,-177.08860177814827
88.0615234375,-180.34362540358967
88.1103515625,-182.58800223630806
88.1591796875,-185.271471504142
88.2080078125,-185.1589998329482
88.2568359375,-184.0613104831191
88.3056640625,-185.7899892637728
88.3544921875,-187.68877571701012
88.4033203125,-184.8623622286044
88.4521484375,-182.7180386145609
88.5009765625,-184.2345409463498
88.5498046875,-179.98001503258058
88.5986328125,-174.0675841622875
88.6474609375,-175.14216177617809
88.6962890625,-173.8903992073273
88.7451171875,-173.04771912430547
88.7939453125,-167.80184817231753
88.8427734375,-167.1322478772251
88.8916015625,-158.85496936001942
88.9404296875,-156.5952611384176
88.9892578125,-155.02804763015388
89.0380859375,-147.55552265229198
89.0869140625,-144.5117178114639
89.1357421875,-139.56819806096894
89.1845703125,-136.53816860012262
89.2333984375,-130.73841482278954
89.2822265625,-130.0479758100799
89.3310546875,-127.44598867417845
89.3798828125,-127.05986969362621
89.4287109375,-127.02400354976061
89.4775390625,-125.28320810501467
89.5263671875,-121.38693010690938
89.5751953125,-123.19513267176382
89.6240234375,-124.48236527344359
89.6728515625,-119.3809336863377
89.7216796875,-119.17613593019591
89.7705078125,-118.94129426934006
89.8193359375,-111.54858263530424
89.8681640625,-105.2232978172116
89.9169921875,-96.84828629243796
89.9658203125,-85.95565716899269
90.0146484375,-78.31627122432323
90.0634765625,-62.6845874534967
90.1123046875,-48.44656573603643
90.1611328125,-34.74777638713557
90.2099609375,-16.464301884469528
90.2587890625,0.06135901963817831
90.3076171875,17.41479478571154
90.3564453125,34.96569379317525
90.4052734375,46.226670318628784
90.4541015625,57.95526874731445
90.5029296875,62.87226609705638
90.5517578125,71.03421116596583
90.6005859375,69.42212974994874
90.6494140625,67.15274600124495
90.6982421875,61.25910326351966
90.7470703125,51.81277675564996
90.7958984375,42.802753853251474
90.8447265625,31.660641885782795
90.8935546875,21.31817049656046
90.9423828125,6.440749441293016
90.9912109375,-3.6406557255397334
91.0400390625,-17.332855918614573
91.0888671875,-32.26639967459091
91.1376953125,-44.94365446699498
91.1865234375,-57.537169606858754
91.2353515625,-70.49600895648945
91.2841796875,-79.6407862649036
91.3330078125,-88.2811992346122
91.3818359375,-103.95362025683178
91.4306640625,-113.38395293849483
91.4794921875,-124.05326933449241
91.5283203125,-133.23173661765998
91.5771484375,-141.17186307316922
91.6259765625,-145.9868219336685
91.6748046875,-149.05048797056858
91.7236328125,-156.00451869822834
91.7724609375,-160.67885074546652
91.8212890625,-162.10983015769872
91.8701171875,-167.3030327153546
91.9189453125,-165.53285176750137
91.9677734375,-170.82687420951675
92.0166015625,-169.6697192794724
92.0654296875,-170.0997289074107
92.1142578125,-172.806883348694
92.1630859375,-171.77866554025755
92.2119140625,-171.27431082172896
92.2607421875,-167.565719560406
92.3095703125,-166.77643694375294
92.3583984375,-163.73797657170604
92.4072265625,-156.05427359427028
92.4560546875,-150.57365654253593
92.5048828125,-143.7067643567385
92.5537109375,-138.79026690598363
92.6025390625,-134.7889494856792
92.6513671875,-134.10099707099045
92.7001953125,-133.93265611516696
92.7490234375,-136.03326959851537
92.7978515625,-134.79675198618267
92.8466796875,-135.83745609696635
92.8955078125,-139.76556779910922
92.9443359375,-140.86691496917976
92.9931640625,-144.6228764205328
93.0419921875,-142.90929401166602
93.0908203125,-150.08703288451147
93.1396484375,-141.56857547285136
93.1884765625,-143.36413870251093
93.2373046875,-138.0805382227501
93.2861328125,-140.89848161002286
93.3349609375,-139.06198650224206
93.3837890625,-134.64621537136904
93.4326171875,-133.79437134587255
93.4814453125,-129.57050688737712
93.5302734375,-123.79842134673682
93.5791015625,-121.54528448046307
93.6279296875,-118.96723687373994
93.6767578125,-113.19613382821784
93.7255859375,-111.36714441704538
93.7744140625,-103.69323394616654
93.8232421875,-101.26269277084128
93.8720703125,-91.37774882687327
93.9208984375,-76.3932261793852
93.9697265625,-61.47594535848007
94.0185546875,-45.10198079741227
94.0673828125,-24.236668835286377
94.1162109375,-0.38066300232649497
94.1650390625,21.67119702843834
94.2138671875,45.001489832154576
94.2626953125,63.44409570481822
94.3115234375,78.89199332926243
94.3603515625,85.58025432458386
94.4091796875,90.74789727095471
94.4580078125,88.40926997631807
94.5068359375,83.20200737803324
94.5556640625,71.38862808528685
94.6044921875,57.037295884813624
94.6533203125,41.2811642923894
94.7021484375,27.68092409043961
94.7509765625,9.258278796699297
94.7998046875,-5.681500648334129
94.8486328125,-21.527878122299278
94.8974609375,-35.30415753804928
94.9462890625,-50.643708114213815
94.9951171875,-62.425527945820214
95.0439453125,-74.76724149717718
95.0927734375,-89.0370069158582
95.1416015625,-100.94632320120314
95.1904296875,-110.38953493494529
95.2392578125,-122.35047494013014
95.2880859375,-127.35442215874178
95.3369140625,-138.55617908844977
95.3857421875,-148.5765811432598
95.4345703125,-155.73990599454083
95.4833984375,-158.81298232802877
95.5322265625,-165.01245731276072
95.5810546875,-171.4582054879531
95.6298828125,-175.96544690101965
95.6787109375,-178.94019389426344
95.7275390625,-180.07593071049357
95.7763671875,-178.78592014705526
95.8251953125,-175.75695675719876
95.8740234375,-172.65931024754323
95.9228515625,-166.16357578354274
95.9716796875,-160.78669466811195
96.0205078125,-152.59690454620184
96.0693359375,-148.93848829091422
96.1181640625,-140.96272035862657
96.1669921875,-135.09739674199866
96.2158203125,-128.97929039803412
96.2646484375,-126.8820808793417
96.3134765625,-123.28179959602173
96.3623046875,-123.72191218738884
96.4111328125,-122.37102775839092
96.4599609375,-121.43120691863366
96.5087890625,-125.08942852551048
96.5576171875,-126.12888096274526
96.6064453125,-126.12966643870585
96.6552734375,-126.38569202435389
96.7041015625,-128.0980476177667
96.7529296875,-128.13800510406787
96.8017578125,-128.10690042061097
96.8505859375,-125.74213344268895
96.8994140625,-121.29568073628992
96.9482421875,-118.25304089827246
96.9970703125,-115.52155217380835
97.0458984375,-112.60880573931412
97.0947265625,-110.18731567029764
97.1435546875,-104.2573977942901
97.1923828125,-100.57403938934604
97.2412109375,-101.77618540242749
97.2900390625,-100.21636820072514
97.3388671875,-101.80137374203115
97.3876953125,-100.39831744339611
97.4365234375,-102.53892306034079
97.4853515625,-103.34194680011971
97.5341796875,-105.93080971361383
97.5830078125,-107.72289998300319
97.6318359375,-114.01181460661175
97.6806640625,-114.26672898208159
97.7294921875,-115.42877210173377
97.7783203125,-117.57218798435484
97.8271484375,-118.81613802929039
97.8759765625,-120.70069190940734
97.9248046875,-122.16053019979945
97.9736328125,-123.1145021462853
98.0224609375,-122.61148438237441
98.0712890625,-123.70482147299008
98.1201171875,-125.52248475483601
98.1689453125,-126.2459590646717
98.2177734375,-128.1675344924179
98.2666015625,-129.75965016860704
98.3154296875,-131.58281713157348
98.3642578125,-137.3476162127375
98.4130859375,-140.40496475413576
98.4619140625,-141.9049319595504
98.5107421875,-146.46855399235923
98.5595703125,-146.93374199960792
98.6083984375,-149.70313850876497
98.6572265625,-150.40986071751675
98.7060546875,-151.2395020855177
98.7548828125,-153.04917791857275
98.8037109375,-149.85638409543344
98.8525390625,-152.7906816544599
98.9013671875,-155.53299089252516
98.9501953125,-156.52374060812275
98.9990234375,-157.43910266874687
99.0478515625,-159.3428785652015
99.0966796875,-160.50508758569805
99.1455078125,-162.68010107632952
99.1943359375,-163.7058206739931
99.2431640625,-165.3848847457365
99.2919921875,-165.8242808049036
99.3408203125,-164.06363240041256
99.3896484375,-164.9909484877504
99.4384765625,-160.51046192505376
99.4873046875,-158.36371809224312
99.5361328125,-152.83629829279016
99.5849609375,-147.6687215472064
99.6337890625,
99.6826171875,
99.7314453125,
99.7802734375,
99.8291015625,
99.8779296875,
99.9267578125,
99.9755859375,
